bus, load
0, 0.0000000000000000e+00
1, 0.0000000000000000e+00
2, 0.0000000000000000e+00
3, 0.0000000000000000e+00
4, 0.0000000000000000e+00
5, 0.0000000000000000e+00
6, 0.0000000000000000e+00
7, 0.0000000000000000e+00
8, 0.0000000000000000e+00
9, 0.0000000000000000e+00
10, 0.0000000000000000e+00
11, 0.0000000000000000e+00
12, 2.6633501640000001e-02
13, 0.0000000000000000e+00
14, 0.0000000000000000e+00
15, 1.9290307810000001e-02
16, 0.0000000000000000e+00
17, 0.0000000000000000e+00
18, 0.0000000000000000e+00
19, 1.3089514760000001e-01
20, 0.0000000000000000e+00
21, 0.0000000000000000e+00
22, 0.0000000000000000e+00
23, 1.5523030420000000e-01
24, 0.0000000000000000e+00
25, 0.0000000000000000e+00
26, 9.9733503680000002e-02
27, 0.0000000000000000e+00
28, 0.0000000000000000e+00
29, 0.0000000000000000e+00
30, 0.0000000000000000e+00
31, 0.0000000000000000e+00
32, 0.0000000000000000e+00
33, 0.0000000000000000e+00
34, 0.0000000000000000e+00
35, 2.1895615240000002e-01
36, 0.0000000000000000e+00
37, 0.0000000000000000e+00
38, 1.8265696439999998e-01
39, 6.7847884819999996e-02
40, 0.0000000000000000e+00
41, 1.8669564350000001e-01
42, 6.2759510399999996e-02
43, 1.6829570040000000e-01
44, 8.1786047610000001e-01
45, 0.0000000000000000e+00
46, 2.0729710840000002e-02
47, 0.0000000000000000e+00
48, 0.0000000000000000e+00
49, 5.2291474259999998e-02
50, 0.0000000000000000e+00
51, 0.0000000000000000e+00
52, 7.1963730029999995e-01
53, 0.0000000000000000e+00
54, 0.0000000000000000e+00
55, 0.0000000000000000e+00
56, 1.0328052409999999e-01
57, 0.0000000000000000e+00
58, 0.0000000000000000e+00
59, 4.4559559249999997e-01
60, 6.5851257369999994e-01
61, 0.0000000000000000e+00
62, 0.0000000000000000e+00
63, 0.0000000000000000e+00
64, 0.0000000000000000e+00
65, 2.2976358780000003e-01
66, 0.0000000000000000e+00
67, 0.0000000000000000e+00
68, 1.0603066139999999e+00
69, 1.1866240509999999e-02
70, 0.0000000000000000e+00
71, 0.0000000000000000e+00
72, 0.0000000000000000e+00
73, 4.8711387750000001e-01
74, 1.1724472910000000e-01
75, 0.0000000000000000e+00
76, 0.0000000000000000e+00
77, 0.0000000000000000e+00
78, 1.9445456300000000e-01
79, 0.0000000000000000e+00
80, 3.5435718649999998e-01
81, 0.0000000000000000e+00
82, 0.0000000000000000e+00
83, 1.0919642280000000e-01
84, 0.0000000000000000e+00
85, 0.0000000000000000e+00
86, 0.0000000000000000e+00
87, 0.0000000000000000e+00
88, 8.7738862209999990e-02
89, 0.0000000000000000e+00
90, 9.5361940300000003e-03
91, 1.5760117390000000e-01
92, 9.1530050020000009e-01
93, 2.8872175400000000e-01
94, 0.0000000000000000e+00
95, 0.0000000000000000e+00
96, 2.9023811639999997e-02
97, 4.0117733299999997e-01
98, 0.0000000000000000e+00
99, 0.0000000000000000e+00
100, 5.1286709180000001e-02
101, 0.0000000000000000e+00
102, 0.0000000000000000e+00
103, 2.1089109889999999e-01
104, 3.9982225770000002e-01
105, 0.0000000000000000e+00
106, 0.0000000000000000e+00
107, 3.7731381039999998e-02
108, 5.9386365249999996e-02
109, 0.0000000000000000e+00
110, 0.0000000000000000e+00
111, 0.0000000000000000e+00
112, 0.0000000000000000e+00
113, 2.5232322800000002e-02
114, 0.0000000000000000e+00
115, 8.0972933469999997e-01
116, 0.0000000000000000e+00
117, 4.7419514759999996e-02
118, 0.0000000000000000e+00
119, 1.0132602680000000e-01
120, 2.6421815609999999e-01
121, 4.0017863009999999e-01
122, 1.0179418599999999e+00
123, 1.6383318869999999e-01
124, 6.8437138559999999e-01
125, 1.2870364820000000e+00
126, 1.1132238139999999e+00
127, 8.8799458880000004e-01
128, 4.7223484189999998e-01
129, 2.6059908290000000e-01
130, 9.7114378470000007e-01
131, 1.5859387899999999e-01
132, 2.3831158089999999e-01
133, 3.2879701500000003e-01
134, 2.4047476440000001e-01
135, 1.0975618140000000e-01
136, 3.5455628039999998e-01
137, 4.2065813429999999e-01
138, 1.6411898269999997e-01
139, 0.0000000000000000e+00
140, 2.6439894550000004e-01
141, 4.3133496830000000e-02
142, 7.3287494940000003e-02
143, 4.9305843000000005e-01
144, 2.7168060540000000e-01
145, 5.1473366499999995e-01
146, 1.6971416900000003e-01
147, 3.9227701189999997e-01
148, 9.7850473959999990e-02
149, 2.8825516409999996e-01
150, 2.0606065480000002e-01
151, 1.7028646710000001e-01
152, 2.8539478480000002e-01
153, 7.0239868640000008e-02
154, 5.3078287629999998e-02
155, 5.8473030699999998e-02
156, 7.1301120459999992e-02
157, 5.5078969570000003e-01
158, 1.3918484339999998e-01
159, 1.1388732250000000e-01
160, 1.7452494580000000e-01
161, 2.5513104999999997e-01
162, 6.7311008079999990e-01
163, 1.1527778460000000e-01
164, 3.0297350449999999e-01
165, 3.0446745260000002e-01
166, 1.5038799540000000e-01
167, 3.5231060160000001e-02
168, 3.9734435040000002e-02
169, 1.1655017559999999e-01
170, 8.5448829629999987e-02
171, 2.4896078739999999e-01
172, 1.3313570800000002e-01
173, 2.0328528690000000e-01
174, 1.4692225810000001e-01
175, 1.1177176420000000e-01
176, 2.3877332549999999e-01
177, 2.3490058980000000e-01
178, 7.1952595729999999e-02
179, 7.5332210499999995e-03
180, 5.2111076059999997e-02
181, 4.9478782600000007e-02
182, 1.6656236220000001e-01
183, 1.0234551440000000e-01
184, 1.1854349539999999e-01
185, 9.8199131299999992e-02
186, 7.2821460929999998e-02
187, 4.6100556900000006e-02
188, 1.1676548190000000e-02
189, 1.6211038300000000e-01
190, 2.6850782359999999e-02
191, 7.1096926720000009e-02
192, 9.6048846200000003e-03
193, 8.1414961449999990e-02
194, 7.8494157510000009e-02
195, 1.8483561840000001e-01
196, 5.1629067700000003e-02
197, 3.8109219549999997e-02
198, 8.5134899120000010e-02
199, 5.2602807919999994e-02
200, 7.3020792910000007e-02
201, 1.0299282240000000e-01
202, 9.2820640399999994e-03
203, 4.6228351620000004e-02
204, 6.5485071529999994e-02
205, 8.1520530999999993e-02
206, 1.0529868370000001e-01
207, 2.5220010580000002e-01
208, 1.0334842520000001e-01
209, 1.2806559129999999e-02
210, 2.0394370749999998e-02
211, 6.9109163160000001e-02
212, 1.1189261360000000e-01
213, 5.5624041839999999e-02
214, 2.1422284820000001e-01
215, 1.5161732510000001e-01
216, 5.1247072610000000e-02
217, 5.5649600780000003e-02
218, 6.0946969830000003e-02
219, 1.8309233170000000e-01
220, 9.5817426619999993e-02
221, 1.3102570600000000e-02
222, 9.1206537499999990e-03
223, 8.8515903000000000e-03
224, 3.5702465679999996e-02
225, 1.0799033590000001e-01
226, 6.8516028960000003e-02
227, 2.2411304840000000e-02
228, 1.9128508459999999e-01
229, 5.7008947689999999e-02
230, 9.5514053059999993e-02
231, 8.4336182110000005e-02
232, 4.0654464440000003e-02
233, 5.6989500659999998e-02
234, 1.7009927210000001e-02
235, 6.0281603830000002e-02
236, 3.3548534749999998e-02
237, 7.6050361270000005e-02
238, 8.0302313919999993e-02
239, 1.1210514180000000e-01
240, 3.4250374580000000e-02
241, 1.1273022459999999e-02
242, 6.3173653950000005e-02
243, 7.0948295900000000e-02
244, 2.7127207900000002e-02
245, 6.7771485800000003e-02
246, 2.5451707970000001e-02
247, 1.0897556010000001e-01
248, 1.0425965710000000e-01
249, 4.1894443660000003e-02
250, 2.7817577210000000e-02
251, 3.3741973840000002e-02
252, 1.3333573450000000e-01
253, 1.0465832110000000e-02
254, 1.2568888730000000e-01
255, 3.8080049019999999e-02
256, 1.3545351529999999e-01
257, 5.7922957759999998e-02
258, 8.6108639339999987e-02
259, 2.5586725870000004e-02
260, 5.3739069690000002e-02
261, 6.3727894100000002e-02
262, 1.2193144459999999e-01
263, 5.4515561530000006e-02
264, 6.4458546539999995e-02
265, 8.6608705639999992e-02
266, 2.2626611169999998e-02
267, 1.8863612230000001e-01
268, 1.0803099050000001e-01
269, 1.4834786899999999e-01
270, 6.5089185709999997e-02
271, 2.0380480020000000e-01
272, 2.3215416370000000e-01
273, 3.9713598949999995e-01
274, 5.3459865999999995e-02
275, 2.1819559709999999e-02
276, 5.7665979249999999e-02
277, 1.3130921580000002e-01
278, 5.9970451459999997e-02
279, 7.3576422140000000e-02
280, 9.0867291970000000e-02
281, 1.5184348990000001e-02
282, 5.8921244130000001e-02
283, 8.0007830429999996e-02
284, 0.0000000000000000e+00
285, 0.0000000000000000e+00
286, 1.1692785280000000e+00
287, 1.2572872420000000e-01
288, 8.7823646140000003e-02
289, 0.0000000000000000e+00
290, 2.3106157920000001e-01
291, 2.4467162760000000e-01
292, 9.8483951859999988e-02
293, 3.7618521440000004e-02
294, 9.5127474680000004e-02
295, 4.9533109529999997e-01
296, 6.0267442390000003e-01
297, 5.2660159080000002e-01
298, 1.2334314000000000e+00
299, 1.2487855710000000e+00
300, 4.3619004419999996e-02
301, 4.2795750389999998e-02
302, 4.9532076959999997e-02
303, 0.0000000000000000e+00
304, 2.8805511179999999e-01
305, 0.0000000000000000e+00
306, 1.6200003139999999e-01
307, 4.4472399529999995e-01
308, 4.6870918570000003e-01
309, 5.7193135060000000e-01
310, 3.4543109330000002e-02
311, 2.4949097170000001e-01
312, 1.5041056749999998e-01
313, 2.2954953589999999e-01
314, 1.4107559659999999e-01
315, 4.7300988320000004e-01
316, 6.0056303809999996e-02
317, 1.6109614409999999e+00
318, 0.0000000000000000e+00
319, 1.3849641540000002e-01
320, 2.3201736510000001e-01
321, 4.3453531409999996e-01
322, 0.0000000000000000e+00
323, 1.0058619060000000e-01
324, 6.1059057289999996e-02
325, 0.0000000000000000e+00
326, 1.1222256120000002e-01
327, 1.8715307679999998e-01
328, 0.0000000000000000e+00
329, 1.3930306849999999e-01
330, 5.0032524310000004e-01
331, 1.3004284760000001e-01
332, 3.7942798480000001e-01
333, 3.9829056739999996e-01
334, 4.1699995090000003e-01
335, 0.0000000000000000e+00
336, 2.9394687190000002e-01
337, 1.4710164370000001e-01
338, 2.4498871069999997e-02
339, 1.5228674480000001e-01
340, 1.8058538450000000e-01
341, 5.8863717670000003e-02
342, 2.6231827170000003e-02
343, 3.6764999420000000e-02
344, 5.1434930359999999e-02
345, 5.9454536869999998e-02
346, 2.4319705480000001e-01
347, 6.4739915250000002e-02
348, 5.9954618039999996e-01
349, 5.6734238579999999e-02
350, 0.0000000000000000e+00
351, 6.7334536880000007e-01
352, 0.0000000000000000e+00
353, 7.8586086860000001e-02
354, 6.9138420739999998e-02
355, 1.1033152890000000e-01
356, 6.0276623830000001e-02
357, 1.1400689460000001e-01
358, 5.8970708709999997e-01
359, 8.6981040369999998e-02
360, 3.3772345379999996e-01
361, 9.6570859610000004e-02
362, 1.7641363120000000e-01
363, 1.3188039839999999e-01
364, 1.6315236620000001e-01
365, 0.0000000000000000e+00
366, 2.5930143690000002e-01
367, 2.3180988999999999e-01
368, 3.9751650989999998e-02
369, 2.4196261719999998e-01
370, 1.5436378919999999e-01
371, 1.9558778169999999e-01
372, 3.3913558449999998e-01
373, 6.9551120530000010e-01
374, 4.0185983880000004e-01
375, 8.0226659810000001e-01
376, 7.3265832349999993e-01
377, 6.3991142070000007e-02
378, 8.4241607330000010e-02
379, 4.6779957740000003e-02
380, 1.4895193819999999e-02
381, 1.6388686620000001e-01
382, 8.9905651859999991e-02
383, 4.7090781640000001e-01
384, 3.3470286230000000e-02
385, 7.9229972539999999e-02
386, 8.1287178129999998e-02
387, 1.3743325319999999e+00
388, 8.3352843250000008e-01
389, 2.6243790850000000e-02
390, 9.8411331769999999e-02
391, 1.4027578580000000e-01
392, 3.8441545950000000e-01
393, 2.9512197050000000e-01
394, 1.2716863050000002e-01
395, 0.0000000000000000e+00
396, 9.2388397789999993e-02
397, 1.1606741080000001e-01
398, 1.1394663059999999e-01
399, 3.5585811350000002e-01
400, 2.8905955870000000e-01
401, 5.8545635579999999e-01
402, 2.7703830029999998e-01
403, 1.3233279330000000e-01
404, 3.8502185449999998e-01
405, 1.3760077770000001e-01
406, 1.8065469390000000e-01
407, 2.7658071629999997e-01
408, 9.6501527209999993e-02
409, 1.5593746500000000e-01
410, 4.3452398869999999e-02
411, 1.0347680000000001e-01
412, 3.5860746300000003e-02
413, 6.7419946219999999e-02
414, 2.2044784320000000e-02
415, 2.5677258230000000e-02
416, 6.0733451289999996e-01
417, 1.5268182500000000e-02
418, 7.4811787089999998e-02
419, 8.3974619209999990e-02
420, 4.6834175680000001e-01
421, 8.6448136560000000e-01
422, 8.5208891290000000e-01
423, 1.9810953860000002e-01
424, 0.0000000000000000e+00
425, 0.0000000000000000e+00
426, 1.1533881260000001e+00
427, 1.6354321540000000e-01
428, 0.0000000000000000e+00
429, 7.6748508359999995e-02
430, 1.2848421670000001e-01
431, 1.7671460050000001e-01
432, 1.7832832130000001e-01
433, 2.4826177540000001e-02
434, 6.0321625650000002e-02
435, 1.3082802110000000e-02
436, 1.5962889929999998e-02
437, 7.6043546949999999e-02
438, 1.5610537399999999e-01
439, 5.0590594629999999e-02
440, 3.2976371570000003e-02
441, 1.8913486410000002e-01
442, 0.0000000000000000e+00
443, 2.3091143240000001e-01
444, 9.1573679440000000e-02
445, 7.1494015399999999e-02
446, 2.1752864840000000e-01
447, 1.9708051850000000e-01
448, 2.2093159949999999e-01
449, 9.6069632239999994e-02
450, 3.3893661520000001e-01
451, 3.2581997149999997e-01
452, 4.7620991530000004e-02
453, 1.2992874570000001e+00
454, 3.7839453759999997e-01
455, 1.6834454300000001e-01
456, 8.5300198809999991e-02
457, 1.6725412060000000e-01
458, 3.5365105710000000e-01
459, 0.0000000000000000e+00
460, 2.5397811930000000e-02
461, 1.5604707910000001e-01
462, 2.1848174620000002e-01
463, 2.2079038560000000e-01
464, 2.6800081190000002e-01
465, 3.0460983259999996e-01
466, 4.4874977739999999e-01
467, 3.2046832409999998e-01
468, 4.0948220980000000e-01
469, 7.7796426109999997e-02
470, 5.4635021819999997e-02
471, 1.1855863630000001e-01
472, 1.0012021929999999e-01
473, 7.6590710690000008e-02
474, 7.6204548380000001e-02
475, 2.9870502189999998e-01
476, 6.0017679950000000e-02
477, 8.3558301190000003e-02
478, 2.2815802920000000e-01
479, 1.1899633320000000e-01
480, 3.4432343150000003e-02
481, 4.0924870660000001e-02
482, 2.1018342369999998e-01
483, 1.6915159439999999e-01
484, 1.4899433840000001e-01
485, 2.3118204120000002e-01
486, 7.0757159449999996e-02
487, 5.6876985739999997e-02
488, 3.7678606900000002e-02
489, 9.8057445849999994e-02
490, 2.2046270329999998e-01
491, 1.2697933610000001e-01
492, 1.7792122939999999e-01
493, 5.8541095280000004e-02
494, 1.1446892739999999e-01
495, 9.8927005589999992e-02
496, 1.1699606799999999e-01
497, 6.1854034540000005e-02
498, 9.1062073889999998e-02
499, 1.4011288310000000e-01
500, 8.2497049370000006e-02
501, 6.4168230270000001e-02
502, 9.2584497970000013e-02
503, 5.8560542299999997e-02
504, 3.1494453620000001e-02
505, 1.9145594060000001e-01
506, 6.6237949130000001e-02
507, 1.1208152750000000e-01
508, 3.1261367159999998e-01
509, 9.0489775790000004e-02
510, 7.3365283029999992e-02
511, 9.2815084100000000e-02
512, 4.3682736319999999e-02
513, 7.9949489360000001e-02
514, 1.0123147780000000e-01
515, 8.7801919399999998e-02
516, 9.7454588139999992e-02
517, 1.1307790960000000e-01
518, 4.3191837900000002e-02
519, 2.7034139999999998e-02
520, 4.8374469510000004e-02
521, 8.7286573300000003e-02
522, 1.1654517489999999e-01
523, 8.6005847929999990e-02
524, 5.4879498680000000e-02
525, 6.9523106930000009e-02
526, 1.0317201290000000e-01
527, 2.8316254440000001e-02
528, 8.6686493729999994e-02
529, 1.4695837400000000e-01
530, 1.7044343240000001e-01
531, 1.0364290860000000e-01
532, 4.0333403349999997e-01
533, 1.5537337870000001e-01
534, 1.8867362730000001e-01
535, 1.6888767049999998e-01
536, 8.9145153059999996e-02
537, 3.5788078460000004e-02
538, 1.4940036449999999e-01
539, 1.6176755979999999e-01
540, 3.9425227380000005e-01
541, 1.6319386000000002e-01
542, 7.2699236389999999e-01
543, 5.5354561660000003e-02
544, 1.9197823209999998e-01
545, 9.2019145229999988e-02
546, 4.2375062940000000e-02
547, 3.6213134819999999e-02
548, 8.4647334470000002e-02
549, 4.0625525409999995e-02
550, 4.1863884049999994e-02
551, 7.1823967560000007e-02
552, 1.8375630860000000e-01
553, 8.3258261410000006e-02
554, 1.9183099039999998e-02
555, 6.0687213160000003e-02
556, 4.2882060719999998e-01
557, 1.4645414050000000e-01
558, 3.6473030390000000e-01
559, 8.1541367099999998e-02
560, 9.5589063010000003e-02
561, 8.0270365240000002e-02
562, 1.1585008270000000e-01
563, 4.6346422829999998e-02
564, 3.3846154320000002e-02
565, 0.0000000000000000e+00
566, 6.5774679379999990e-01
567, 3.4016593579999999e-01
568, 3.8786156529999999e-01
569, 8.2919327579999993e-02
570, 3.1979240120000002e-02
571, 1.7019339920000001e-01
572, 9.2434478080000007e-02
573, 2.8468357940000000e-01
574, 1.1254547790000000e-01
575, 1.1189539170000000e-01
576, 1.0809280420000000e-01
577, 1.2770859949999999e-01
578, 2.2122238740000000e-01
579, 4.4645225049999998e-01
580, 8.4407441550000004e-02
581, 7.7968671170000003e-02
582, 4.6779813630000000e-02
583, 8.0491227860000000e-02
584, 1.4605686560000000e-01
585, 3.6914616720000001e-02
586, 7.8524300399999997e-02
587, 3.2150096099999997e-02
588, 8.3059623959999995e-02
589, 1.3894203340000000e-01
590, 1.1879380640000001e-01
591, 2.2763295960000002e-01
592, 8.9265307880000005e-02
593, 8.6103083040000000e-02
594, 3.9195474689999996e-02
595, 4.0347474660000004e-01
596, 1.5316891970000002e-01
597, 6.3377986600000003e-01
598, 1.9524533199999999e-01
599, 4.5806073410000002e-02
600, 3.4857399509999998e-01
601, 3.9227978999999996e-01
602, 2.4083359869999998e-01
603, 6.5590779990000000e-02
604, 3.5837529460000003e-02
605, 3.3051187800000004e-01
606, 0.0000000000000000e+00
607, 2.2162855230000000e-01
608, 2.6378497519999999e-01
609, 3.6429969130000006e-01
610, 5.7015545779999999e-01
611, 1.1564973670000001e-01
612, 1.3292456890000001e-01
613, 1.8925287080000000e-01
614, 2.1985415040000000e-01
615, 3.6064920720000004e-01
616, 3.4653483579999998e-02
617, 1.7508140840000000e-01
618, 1.3507346490000000e-01
619, 1.7295598770000001e-01
620, 2.1377153830000001e-01
621, 6.6321085159999993e-01
622, 1.6028236289999997e-01
623, 3.1149435650000001e-01
624, 1.6627760219999999e-01
625, 6.1201170200000002e-02
626, 1.8195468090000000e-01
627, 1.1790729999999999e-01
628, 1.3942681990000000e-01
629, 1.5141521499999999e-01
630, 1.3053675230000000e-01
631, 1.7614099340000000e-01
632, 3.3172453880000001e-02
633, 1.6375504559999998e-01
634, 1.4071032300000000e-03
635, 5.5173982170000004e-02
636, 1.6842510920000001e-02
637, 1.7989954730000002e-01
638, 3.2598850050000006e-01
639, 5.8713340340000003e-02
640, 5.2615441230000004e-01
641, 4.3391785010000000e-01
642, 5.0269260400000004e-01
643, 6.1973674860000001e-02
644, 1.4573293150000000e-01
645, 8.7838074099999996e-02
646, 8.1287699180000006e-01
647, 5.7618136370000006e-01
648, 1.6950733190000000e-01
649, 2.1523718659999999e-01
650, 7.6386443979999996e-01
651, 1.0782303840000000e+00
652, 1.1696218999999999e-01
653, 5.9024824030000000e-01
654, 1.5293682090000000e-02
655, 8.5713396200000003e-01
656, 3.1101281079999998e-01
657, 5.8383538299999993e-01
658, 1.2660866350000000e+00
659, 9.9192016270000002e-02
660, 2.1773611020000000e-01
661, 5.3874910209999995e-02
662, 1.9532206590000001e-01
663, 5.6525025500000006e-02
664, 0.0000000000000000e+00
665, 1.0498619930000000e-01
666, 9.7756368910000002e-02
667, 0.0000000000000000e+00
668, 4.8554042199999994e-02
669, 3.6365844789999996e-01
670, 1.5333835360000000e-01
671, 3.7226111609999996e-01
672, 3.1893803279999999e-01
673, 1.7272183610000000e-01
674, 6.9500137120000005e-01
675, 3.3839105449999995e-01
676, 0.0000000000000000e+00
677, 6.5458116849999992e-01
678, 7.7021538480000007e-01
679, 8.0898504160000007e-01
680, 1.3811600520000000e-01
681, 1.5342135190000000e-01
682, 2.1990752690000001e-01
683, 1.8986660999999999e-04
684, 6.2819504059999998e-01
685, 1.9827117390000001e-01
686, 2.2488676399999999e-01
687, 1.9436170109999998e-01
688, 5.4639071489999996e-02
689, 1.2929497479999999e-01
690, 7.7407485649999996e-02
691, 2.5607660659999998e-01
692, 3.6018587800000001e-01
693, 7.0399111660000002e-01
694, 6.2632422010000000e-01
695, 5.2185112050000004e-01
696, 1.8451951720000001e-01
697, 3.5751780340000006e-01
698, 1.5232698170000000e-01
699, 6.8714837349999991e-01
700, 5.0306377759999998e-01
701, 1.0524466670000000e-01
702, 5.5250888580000002e-01
703, 2.3591758899999998e-01
704, 3.9120538069999999e-01
705, 1.4342873940000000e-01
706, 1.5554498059999999e-01
707, 1.4800990240000000e-01
708, 1.2710157459999999e-01
709, 1.1050909680000000e-01
710, 4.5263173259999998e-02
711, 1.0034343890000001e-01
712, 1.7269300500000001e-01
713, 1.7846616630000001e-01
714, 2.5484711770000001e-01
715, 1.9791843679999999e-01
716, 1.5439494850000002e-01
717, 3.0078567350000002e-01
718, 2.8106785010000002e-01
719, 7.7572802930000004e-02
720, 1.6266472490000003e-01
721, 0.0000000000000000e+00
722, 1.2647216870000000e-01
723, 1.2241987370000000e-01
724, 5.7426540250000002e-01
725, 1.9943020630000000e-01
726, 2.7543269269999998e-01
727, 5.9531935420000001e-02
728, 1.2392118830000000e-01
729, 1.5448067820000000e-01
730, 3.8499102530000001e-01
731, 1.3824954299999999e+00
732, 2.1818031730000001e-01
733, 4.2550086150000006e-02
734, 2.7791740449999996e-01
735, 2.8783538620000004e-01
736, 3.0319158900000004e-01
737, 1.8231445080000000e-01
738, 1.1489717860000001e-01
739, 2.3956214540000001e-01
740, 4.0774284260000004e-01
741, 3.3112142980000003e-01
742, 2.5781629160000002e-01
743, 6.7343999060000004e-01
744, 7.5916129379999997e-01
745, 8.0673196429999997e-02
746, 1.8564266990000000e-01
747, 0.0000000000000000e+00
748, 8.7807879700000002e-01
749, 6.2275284770000001e-02
750, 1.6386284929999997e-01
751, 6.3689196980000001e-02
752, 5.3310052559999999e-01
753, 5.8927645809999998e-02
754, 4.0274124829999997e-01
755, 1.0391481140000000e-01
756, 6.9467376549999993e-01
757, 2.4445082740000001e-01
758, 3.9083527940000001e-01
759, 4.6786024890000000e-01
760, 1.2839983159999999e-01
761, 2.7153303829999997e-01
762, 2.0636594550000001e-01
763, 2.2530174710000000e-01
764, 7.1105440480000004e-02
765, 2.3285641259999998e-01
766, 4.7428370100000000e-01
767, 6.1227919149999999e-01
768, 1.3710473830000000e-01
769, 5.3254283190000001e-02
770, 2.6514626679999997e-01
771, 3.0915765779999999e-01
772, 1.1741140090000000e-01
773, 4.1579235199999998e-01
774, 4.5610776710000001e-01
775, 1.2351776610000000e-01
776, 6.7757178350000002e-02
777, 5.6500546939999993e-02
778, 1.1505275480000000e-01
779, 9.4559759870000010e-02
780, 1.6536775939999998e-01
781, 1.9798319500000003e-01
782, 3.1772684949999996e-01
783, 9.4923697009999988e-02
784, 1.3649865390000002e-01
785, 1.0144956230000000e-01
786, 1.8663863519999999e-01
787, 2.9640430010000002e-01
788, 2.4401013099999999e-01
789, 2.3837882879999998e-02
790, 2.4609651870000002e-01
791, 1.6466072120000000e-01
792, 1.8952512909999999e-01
793, 1.5348979560000001e-01
794, 1.2249124110000001e-01
795, 2.8415017539999998e-01
796, 1.0109534860000000e-01
797, 2.6642004679999998e-01
798, 0.0000000000000000e+00
799, 2.4444907809999999e-01
800, 2.8150260210000000e-01
801, 0.0000000000000000e+00
802, 9.3223471579999995e-02
803, 1.7585942830000001e-01
804, 6.3976816000000003e-01
805, 0.0000000000000000e+00
806, 0.0000000000000000e+00
807, 4.4895952740000000e-01
808, 4.1170736589999996e-01
809, 1.3360938190000002e-01
810, 1.8690394820000000e-01
811, 3.7746671480000005e-01
812, 1.7034064099999999e-01
813, 3.7580121620000001e-01
814, 4.7156113519999998e-01
815, 1.4242166140000001e-01
816, 1.0655037750000000e+00
817, 3.5820027139999999e-01
818, 1.6516078749999999e-01
819, 1.4361626429999999e-01
820, 0.0000000000000000e+00
821, 2.5421842900000002e-01
822, 1.8294092270000001e-01
823, 2.0798591010000000e-01
824, 2.2323793240000001e-01
825, 3.6613187859999996e-01
826, 6.6312959079999997e-02
827, 3.2082031519999998e-01
828, 6.1928349949999995e-01
829, 8.2701243110000003e-02
830, 1.9744284549999999e-01
831, 1.3976853189999999e-01
832, 1.2759608460000002e-01
833, 3.9050733280000005e-01
834, 1.5975048680000001e-01
835, 2.4106390699999999e-01
836, 7.5097457150000005e-02
837, 1.4922811940000000e-01
838, 1.2896293249999999e-01
839, 2.7490033780000001e-01
840, 2.8358065539999999e-01
841, 1.1814066420000000e-01
842, 2.6532406810000003e-01
843, 1.3980464780000001e-01
844, 9.7807412699999999e-02
845, 3.7215906670000004e-01
846, 1.4417189349999998e-01
847, 7.3191648900000003e-02
848, 7.4955771689999992e-02
849, 2.0337696570000000e-01
850, 6.2772211829999994e-02
851, 8.3686095910000008e-02
852, 4.8623808129999994e-02
853, 3.5481093310000000e-01
854, 8.1712223080000007e-02
855, 1.3672368369999999e-01
856, 2.2061258430000001e-02
857, 2.0179342240000001e-01
858, 3.6722924640000001e-02
859, 6.8516028960000003e-02
860, 5.8257724370000007e-02
861, 5.9339812289999995e-02
862, 5.1468768669999998e-02
863, 9.3477671949999994e-02
864, 1.3673340720000002e-01
865, 2.2025837060000000e-01
866, 9.0555062219999996e-02
867, 3.8960721340000004e-02
868, 2.8444049159999998e-02
869, 1.9699834220000001e-01
870, 2.3015968350000002e-01
871, 9.7268452350000006e-02
872, 3.4196200730000001e-02
873, 8.9292394799999994e-02
874, 6.7263085059999991e-02
875, 1.4419967489999999e-01
876, 9.6762829750000001e-02
877, 7.5371104539999997e-02
878, 4.6207515530000000e-02
879, 1.3336490500000001e-01
880, 1.7309934010000000e-01
881, 8.0732926570000002e-02
882, 1.5394818969999999e-01
883, 1.4112148899999999e-01
884, 1.6550527760000000e-01
885, 7.0307933220000007e-02
886, 5.9221879990000004e-02
887, 5.2525019829999998e-02
888, 8.7797752179999994e-02
889, 4.8160552259999996e-02
890, 6.0080188229999998e-02
891, 1.6381060850000001e-01
892, 2.4061106920000000e-01
893, 6.7757595069999996e-02
894, 0.0000000000000000e+00
895, 2.5758693109999997e-01
896, 4.8612000999999995e-02
897, 4.9523927469999995e-01
898, 4.1473137800000004e-01
899, 2.5119024970000003e-01
900, 1.6584837870000002e-01
901, 1.1156062510000000e-01
902, 2.9016347269999999e-02
903, 1.1987978370000001e-01
904, 3.8351374980000003e-01
905, 2.9702382820000001e-01
906, 1.4611004650000001e+00
907, 4.0632694200000000e-02
908, 4.2477898660000002e-01
909, 2.3155329259999999e-01
910, 3.8775441309999999e-02
911, 5.0020857630000004e-01
912, 4.1159492640000006e-01
913, 1.4422074990000000e-01
914, 9.5688386260000002e-01
915, 6.0418390150000001e-02
916, 1.9180298669999998e-01
917, 2.1701512300000000e-02
918, 9.3052843729999987e-02
919, 1.1201673610000001e-02
920, 2.4797702950000000e-01
921, 1.1089484380000000e-02
922, 5.6485969440000006e-02
923, 6.9396426959999993e-02
924, 9.1101417999999990e-02
925, 2.4145758910000001e-01
926, 1.7269501670000001e-01
927, 3.2804041939999995e-01
928, 4.4345182159999996e-02
929, 0.0000000000000000e+00
930, 5.1045154469999998e-01
931, 7.2586717410000001e-02
932, 5.2611237759999999e-02
933, 1.9313795150000002e-01
934, 1.6379336720000001e-01
935, 1.4142654670000002e-01
936, 6.4198181329999993e-02
937, 6.5904791039999994e-02
938, 2.1012577700000001e-01
939, 1.9398734279999999e-01
940, 4.0660079260000002e-02
941, 4.2126038740000003e-02
942, 2.6643491079999998e-01
943, 0.0000000000000000e+00
944, 1.1692465220000001e-01
945, 2.7685372390000001e-01
946, 0.0000000000000000e+00
947, 1.1999898399999999e-01
948, 8.7917175049999990e-02
949, 4.5994333789999994e-02
950, 1.0222311830000001e-01
951, 7.9949307940000006e-02
952, 6.8991699680000004e-02
953, 7.2582413819999997e-02
954, 3.9449300090000000e-02
955, 5.0622283540000002e-01
956, 4.1023371739999995e-02
957, 1.1437590659999999e-01
958, 4.5879273329999998e-01
959, 1.9188550299999999e-01
960, 1.1248184670000000e-01
961, 9.6050608230000001e-02
962, 7.3119707559999997e-02
963, 2.5322454790000001e-02
964, 8.8917536380000009e-02
965, 4.1973585660000000e-02
966, 1.5378739710000000e-02
967, 2.1898242010000002e-01
968, 8.3559125849999999e-02
969, 9.0770801779999993e-02
970, 3.6149122570000003e-01
971, 7.8677712760000004e-02
972, 3.6307126730000000e-02
973, 2.2598952640000000e-01
974, 3.4376650230000005e-01
975, 1.6410741680000002e-01
976, 6.0121179099999998e-02
977, 1.2850275189999999e-01
978, 4.1108940750000003e-02
979, 2.5275889330000001e-01
980, 1.1104070549999999e-01
981, 9.7761590280000005e-02
982, 2.0082845869999999e-01
983, 2.9682732750000002e-01
984, 2.4451242940000001e-01
985, 1.3132652900000000e-01
986, 5.9015149989999993e-01
987, 1.5934739230000000e-01
988, 0.0000000000000000e+00
989, 3.5190152750000003e-01
990, 2.8586016740000003e-01
991, 1.6155972899999999e-01
992, 8.9015642239999998e-02
993, 2.4460993830000000e-01
994, 0.0000000000000000e+00
995, 2.2277790280000001e-02
996, 5.2589116909999997e-02
997, 2.1276035960000000e-01
998, 2.3871602500000003e-01
999, 0.0000000000000000e+00
1000, 1.8016254960000000e-01
1001, 8.8044931559999998e-02
1002, 1.8770655169999997e-02
1003, 7.7594496360000001e-02
1004, 1.2095643020000000e+00
1005, 3.3181399499999997e-01
1006, 5.4402383769999996e-01
1007, 1.6736712000000001e-01
1008, 6.4783023519999997e-02
1009, 3.3445200209999998e-02
1010, 4.2197713450000000e-02
1011, 2.6156561260000000e-01
1012, 3.4408258899999999e-01
1013, 1.9975079180000002e-01
1014, 3.1793480850000000e-01
1015, 6.7819433750000002e-01
1016, 3.6500112700000004e-01
1017, 1.5296043930000000e-01
1018, 1.4921608219999999e-01
1019, 4.0303583029999999e-02
1020, 0.0000000000000000e+00
1021, 3.1437704200000000e-01
1022, 7.8562508720000007e-02
1023, 3.8746570200000002e-01
1024, 1.5044695329999999e-01
1025, 1.0039518420000000e-01
1026, 4.0952573580000001e-01
1027, 3.2886996209999998e-02
1028, 7.2192711189999992e-01
1029, 3.2992992250000003e-01
1030, 4.1517676729999997e-01
1031, 8.1756501819999994e-02
1032, 2.8090048200000001e-01
1033, 3.7793109629999999e-01
1034, 4.2879470320000002e-01
1035, 0.0000000000000000e+00
1036, 2.9992532340000000e-01
1037, 5.5293495380000002e-02
1038, 7.5131574100000001e-02
1039, 0.0000000000000000e+00
1040, 0.0000000000000000e+00
1041, 4.6158506880000000e-01
1042, 3.1557848090000001e-01
1043, 5.0344423079999999e-02
1044, 6.0902852660000006e-02
1045, 0.0000000000000000e+00
1046, 1.1640170299999999e-02
1047, 0.0000000000000000e+00
1048, 0.0000000000000000e+00
1049, 2.7210942770000003e-02
1050, 4.0601496660000000e-02
1051, 0.0000000000000000e+00
1052, 3.6720953289999997e-02
1053, 1.7217711999999999e-01
1054, 5.3996984929999998e-02
1055, 2.3143200470000000e-01
1056, 5.6427211429999999e-02
1057, 4.1964083130000003e-02
1058, 3.7970415760000001e-02
1059, 1.9073015250000002e-02
1060, 6.4356530580000001e-02
1061, 2.4295985799999999e-02
1062, 3.4892453830000003e-02
1063, 3.4473189320000003e-01
1064, 2.3994775160000001e-01
1065, 1.7820349029999999e-01
1066, 1.2997842809999999e-01
1067, 1.4268854500000000e-01
1068, 1.7624559060000000e-01
1069, 6.9425871819999999e-02
1070, 1.3162161829999999e-01
1071, 2.5251417520000002e-01
1072, 1.0732645260000000e-01
1073, 1.7619002760000002e-01
1074, 5.6246346569999994e-02
1075, 3.0375971979999999e-01
1076, 1.2607921680000000e-01
1077, 3.8987113729999995e-02
1078, 1.3845863600000000e-01
1079, 4.6560340089999999e-02
1080, 4.5067086539999995e-02
1081, 2.0265502269999999e-01
1082, 6.0505244590000000e-02
1083, 0.0000000000000000e+00
1084, 2.2572437319999999e-02
1085, 4.7295159740000002e-02
1086, 6.0991420160000004e-02
1087, 1.4418731220000000e-01
1088, 6.0106163900000002e-02
1089, 1.3467480090000000e-01
1090, 3.8607896789999999e-02
1091, 4.7907740960000000e-02
1092, 3.4975470699999999e-03
1093, 2.8184292499999999e-02
1094, 3.3815580820000002e-01
1095, 5.7475676240000002e-02
1096, 3.5850586749999996e-02
1097, 6.0057963059999997e-02
1098, 8.2519274540000007e-02
1099, 0.0000000000000000e+00
1100, 1.1595843040000000e-02
1101, 1.6868903310000002e-02
1102, 3.7110934409999996e-01
1103, 2.3435051690000003e-01
1104, 4.7053877750000001e-02
1105, 2.7025805560000001e-02
1106, 4.4129462220000006e-02
1107, 0.0000000000000000e+00
1108, 2.5407146500000000e-01
1109, 5.7943793860000002e-02
1110, 1.1003959010000000e-02
1111, 0.0000000000000000e+00
1112, 6.7692308630000003e-02
1113, 3.4653205770000001e-02
1114, 2.3981054639999999e-01
1115, 9.1617703120000005e-02
1116, 2.2804412520000000e-01
1117, 1.5032548720000000e-01
1118, 4.5008745469999993e-02
1119, 1.3026032669999998e-01
1120, 2.8962173420000001e-02
1121, 2.0269354170000001e-01
1122, 1.2845453170000001e-01
1123, 1.0180933220000001e-01
1124, 1.2063543950000000e-01
1125, 3.8456487820000003e-02
1126, 7.0846893570000000e-02
1127, 1.4635898899999999e-01
1128, 1.1220793320000000e-01
1129, 4.4204333260000001e-01
1130, 4.5811629700000002e-02
1131, 6.9520328790000002e-02
1132, 5.0243328409999996e-02
1133, 5.0669218210000005e-02
1134, 1.2238428239999999e-01
1135, 0.0000000000000000e+00
1136, 3.0555440219999997e-02
1137, 3.4435121299999996e-02
1138, 5.4754482099999995e-02
1139, 3.3942000360000002e-02
1140, 2.2008473649999999e-02
1141, 1.4965873210000000e-01
1142, 6.8638267390000007e-02
1143, 1.6309245770000000e-01
1144, 1.4458305909999999e-01
1145, 1.4784876990000001e-01
1146, 1.1872963119999999e-01
1147, 1.5173122910000000e-01
1148, 1.2628341050000000e-01
1149, 2.5339887579999998e-01
1150, 0.0000000000000000e+00
1151, 0.0000000000000000e+00
1152, 1.6434540160000000e-01
1153, 6.4980838010000000e-02
1154, 1.5720000980000001e-01
1155, 1.0931032680000000e-01
1156, 1.4481920149999999e-01
1157, 2.1156096750000000e-01
1158, 3.6918783940000005e-02
1159, 0.0000000000000000e+00
1160, 8.5320097419999991e-02
1161, 2.5963164669999997e-02
1162, 1.3061037310000001e-01
1163, 2.8564078970000001e-01
1164, 1.3102570600000000e-02
1165, 7.8292325199999999e-03
1166, 0.0000000000000000e+00
1167, 1.2005202880000000e-01
1168, 5.8089646530000004e-02
1169, 9.4541701919999999e-02
1170, 2.1691764989999998e-01
1171, 1.0944645590000000e-01
1172, 1.5967811609999999e-01
1173, 8.4820968610000005e-02
1174, 2.0958334409999998e-02
1175, 4.1718031379999992e-02
1176, 9.5057048030000008e-02
1177, 9.5829372649999994e-02
1178, 7.5111347879999998e-02
1179, 1.1561156500000001e+00
1180, 2.1379362459999998e-01
1181, 9.3144294409999995e-02
1182, 7.9839752590000007e-02
1183, 5.1119277890000002e-02
1184, 3.6689586880000000e-02
1185, 4.2476465269999999e-02
1186, 5.7377052050000002e-02
1187, 8.0998239530000002e-02
1188, 5.7014642889999995e-02
1189, 3.9176166579999998e-02
1190, 4.7113191170000006e-02
1191, 1.0277612710000000e-02
1192, 4.2993200449999998e-02
1193, 1.6546638360000001e-02
1194, 2.3648968940000001e-02
1195, 3.0895763129999997e-02
1196, 1.7822640880000001e-01
1197, 1.8214915110000000e-02
1198, 2.4483801850000000e-02
1199, 3.4705990540000002e-02
1200, 8.5859995260000002e-02
1201, 2.8276249139999998e-02
1202, 1.0906584990000001e-01
1203, 6.3548842590000001e-02
1204, 9.5836318019999991e-02
1205, 3.2594141090000001e-01
1206, 5.0803958299999993e-02
1207, 1.1337628249999999e-01
1208, 3.5215780360000004e-02
1209, 2.7819383009999997e-02
1210, 1.5578454429999999e-02
1211, 5.0004268940000006e-02
1212, 7.1027473100000009e-03
1213, 1.3805719380000001e-01
1214, 1.7514822279999998e-02
1215, 8.3654702860000013e-02
1216, 6.3844437330000003e-02
1217, 4.3315465399999996e-02
1218, 8.2868626410000007e-02
1219, 4.8392527459999994e-02
1220, 2.3306423520000000e-01
1221, 8.2059491400000000e-03
1222, 2.4913025430000003e-02
1223, 8.1520530999999990e-03
1224, 7.3180536299999998e-03
1225, 2.3191963900000001e-02
1226, 6.1400085459999997e-02
1227, 4.2832067979999999e-02
1228, 5.4939923349999996e-02
1229, 1.7316309850000000e-01
1230, 1.0718421149999999e-01
1231, 1.3436364860000000e-01
1232, 6.3001408889999999e-02
1233, 4.1179071030000000e-02
1234, 3.8016151659999997e-02
1235, 1.5878633119999999e-01
1236, 1.9379375060000001e-01
1237, 9.0089722739999989e-02
1238, 9.6435008510000003e-02
1239, 2.6647977690000002e-01
1240, 1.1591398010000001e-01
1241, 6.0227152159999998e-02
1242, 1.6438290659999999e-01
1243, 3.2194546439999999e-02
1244, 1.1393871820000000e-01
1245, 6.1737352400000001e-02
1246, 1.7498847940000001e-01
1247, 3.8985724659999998e-02
1248, 1.7840004290000000e-01
1249, 7.6267056670000000e-02
1250, 3.7213267430000002e-02
1251, 2.3497532199999999e-01
1252, 4.9130041910000005e-01
1253, 2.9016347269999999e-02
1254, 3.9030869529999995e-01
1255, 1.2628552900000001e-01
1256, 1.6674585879999998e-01
1257, 1.3791453600000000e-01
1258, 1.3315376590000000e-01
1259, 9.1732996179999998e-02
1260, 2.5037903100000003e-01
1261, 1.9083919219999998e-01
1262, 1.2211202410000001e-01
1263, 8.6312833079999998e-02
1264, 1.4367043810000001e-02
1265, 3.5243561819999998e-02
1266, 2.4617152870000002e-02
1267, 3.9470511159999999e-02
1268, 1.8116290920000000e-01
1269, 0.0000000000000000e+00
1270, 7.1581713220000009e-02
1271, 1.2825311610000001e-01
1272, 1.7731795500000000e-01
1273, 6.5111410879999998e-02
1274, 3.2833520049999995e-02
1275, 3.7221601870000003e-02
1276, 4.4073899299999997e-02
1277, 8.6805954019999992e-02
1278, 1.6989933239999999e-01
1279, 2.1634674090000000e-01
1280, 2.0027516550000002e-01
1281, 6.7581182790000000e-02
1282, 8.7035151069999997e-02
1283, 1.3427474789999999e-01
1284, 1.2351220980000001e-01
1285, 2.2299345550000002e-01
1286, 9.8694752569999988e-02
1287, 6.2130487860000005e-01
1288, 3.6887168630000000e-01
1289, 4.6105418659999997e-01
1290, 6.9818687790000000e-01
1291, 4.6416880789999998e-01
1292, 9.9999925619999985e-02
1293, 1.1362756580000000e-01
1294, 0.0000000000000000e+00
1295, 5.3311580990000007e-01
1296, 2.2418050260000000e-01
1297, 2.7386557610000001e-01
1298, 2.4648246029999998e-01
1299, 8.3258261410000006e-02
1300, 1.7021701350000001e-01
1301, 1.8534374130000000e-01
1302, 6.1405363939999999e-02
1303, 1.0890332830000000e-01
1304, 1.2453526210000000e-01
1305, 3.6346485830000004e-02
1306, 8.9220162999999991e-02
1307, 2.6027187050000000e-01
1308, 2.4931777920000001e-01
1309, 3.0891595910000000e-02
1310, 1.2898654670000001e-01
1311, 1.2678069870000000e-01
1312, 1.2165224090000000e-01
1313, 1.6577475780000001e-01
1314, 7.4450149100000002e-02
1315, 1.7992107789999998e-01
1316, 1.8657432120000000e-01
1317, 3.9481623739999999e-02
1318, 4.0612745940000006e-01
1319, 6.2624970089999996e-02
1320, 7.5723929099999990e-02
1321, 4.7826619090000000e-01
1322, 2.2815525100000001e-02
1323, 5.7452061989999997e-02
1324, 7.6875470670000001e-02
1325, 1.3296401850000000e-01
1326, 7.9356355170000004e-02
1327, 1.9548425250000001e-01
1328, 5.0727559280000001e-02
1329, 7.6727256569999991e-01
1330, 6.6753295240000010e-02
1331, 1.2432203940000001e-01
1332, 5.0776176839999999e-02
1333, 7.4298740129999999e-02
1334, 4.6595066909999996e-02
1335, 2.1660510850000000e-01
1336, 0.0000000000000000e+00
1337, 7.0337103750000005e-02
1338, 8.3529130649999991e-02
1339, 6.9264739339999992e-02
1340, 2.2667033190000002e-01
1341, 0.0000000000000000e+00
1342, 0.0000000000000000e+00
1343, 0.0000000000000000e+00
1344, 3.4960504540000004e-01
1345, 1.5140499450000000e-01
1346, 1.3332608410000002e-01
1347, 4.9893402279999999e-02
1348, 1.0900344249999999e-01
1349, 1.1388772750000000e-02
1350, 8.6836785400000005e-02
1351, 0.0000000000000000e+00
1352, 1.3756906169999999e-01
1353, 3.9878971679999997e-01
1354, 3.8124549060000001e-01
1355, 1.0379928780000000e-01
1356, 1.1063571879999999e-01
1357, 1.7076181569999999e-01
1358, 3.4230448980000000e-01
1359, 6.6449795569999998e-02
1360, 3.9632483839999996e-02
1361, 2.5536578509999996e-01
1362, 1.4739094319999999e-01
1363, 7.4742888110000003e-02
1364, 2.3239004580000000e-01
1365, 1.9592019530000002e-01
1366, 5.2664038409999996e-02
1367, 1.4207702929999999e-01
1368, 2.8225365629999999e-01
1369, 2.3029050890000000e-01
1370, 0.0000000000000000e+00
1371, 0.0000000000000000e+00
1372, 0.0000000000000000e+00
1373, 3.2157881440000001e-02
1374, 8.6493395860000002e-02
1375, 0.0000000000000000e+00
1376, 1.3579748090000001e+00
1377, 1.8451358609999999e-01
1378, 3.1443566430000003e-01
1379, 5.2123634980000000e-01
1380, 4.0660621370000004e-02
1381, 2.1381178729999997e-01
1382, 1.3262363010000000e-01
1383, 6.1197271280000000e-02
1384, 6.3255479330000003e-02
1385, 1.6739030910000000e-01
1386, 2.0264400559999998e-01
1387, 9.7560094100000008e-02
1388, 2.3161380009999999e-01
1389, 1.2451470340000000e-01
1390, 3.5309626049999998e-01
1391, 1.1599447919999999e-02
1392, 4.2050257420000003e-01
1393, 2.9827857380000000e-01
1394, 2.2878169900000001e-01
1395, 4.0336919680000000e-01
1396, 1.1365404200000001e-01
1397, 5.3392859559999994e-01
1398, 2.4092220090000002e-01
1399, 0.0000000000000000e+00
1400, 6.3964476929999992e-01
1401, 7.4164154080000000e-01
1402, 2.9881825109999999e-01
1403, 1.6823269439999999e-01
1404, 1.2461990530000000e-01
1405, 8.8201741730000005e-02
1406, 3.2180113839999996e-01
1407, 0.0000000000000000e+00
1408, 1.9695596390000000e-02
1409, 2.8777651509999996e-01
1410, 3.8759972130000003e-01
1411, 4.8517624369999998e-02
1412, 2.3358347680000002e-01
1413, 4.2590080480000000e-02
1414, 3.2337123010000003e-02
1415, 0.0000000000000000e+00
1416, 0.0000000000000000e+00
1417, 0.0000000000000000e+00
1418, 5.5421689679999997e-01
1419, 1.1394332540000001e+00
1420, 8.7224708860000000e-02
1421, 3.6500555800000001e-01
1422, 7.8055816419999993e-02
1423, 4.4247443990000002e-01
1424, 2.1198228419999998e-01
1425, 2.2193528939999999e-02
1426, 4.6766578890000000e-02
1427, 1.7184846330000000e-01
1428, 4.2195723960000003e-01
1429, 1.4061338179999999e-01
1430, 5.1428830010000004e-01
1431, 2.3650096900000001e-01
1432, 0.0000000000000000e+00
1433, 3.6989214910000001e-01
1434, 7.2138378419999993e-01
1435, 2.5010480350000003e-01
1436, 3.2901791660000002e-01
1437, 0.0000000000000000e+00
1438, 0.0000000000000000e+00
1439, 5.6917180570000003e-01
1440, 9.9167311499999999e-01
1441, 4.7673222389999997e-01
1442, 1.3619725850000000e-01
1443, 1.0334606819999999e-01
1444, 8.5340956250000000e-01
1445, 3.1509416400000001e-01
1446, 7.3939746909999993e-01
1447, 5.8096904430000007e-01
1448, 1.9285411360000002e-01
1449, 8.6829348730000011e-01
1450, 7.3116742109999999e-01
1451, 7.6271489310000007e-01
1452, 0.0000000000000000e+00
1453, 0.0000000000000000e+00
1454, 3.6939533519999995e-01
1455, 5.3904723710000002e-01
1456, 3.3819935479999996e-01
1457, 1.7544471830000000e-01
1458, 3.8800201849999999e-01
1459, 6.5909218989999996e-01
1460, 0.0000000000000000e+00
1461, 4.7198781869999995e-01
1462, 7.2071237450000003e-01
1463, 6.4450727340000002e-01
1464, 4.1484585909999999e-01
1465, 4.1519714169999999e-01
1466, 1.8853208380000003e-01
1467, 7.9764136860000001e-02
1468, 9.9024038410000001e-02
1469, 2.9640091470000002e-01
1470, 1.5093648830000000e-01
1471, 6.7321834810000003e-01
1472, 6.6683357880000005e-01
1473, 2.9537634060000001e-01
1474, 9.6144776180000002e-02
1475, 3.7609604959999998e-01
1476, 1.3946460429999998e+00
1477, 1.2456980639999999e+00
1478, 3.0932727570000002e-01
1479, 4.2189783520000002e-01
1480, 1.0211586840000000e+00
1481, 6.0583482970000002e-01
1482, 3.2491585649999999e-01
1483, 1.5287272420000000e+00
1484, 9.1197952910000005e-02
1485, 1.4809165920000000e-01
1486, 1.1536947680000001e-01
1487, 2.9475366269999997e-01
1488, 5.2259497310000000e-02
1489, 8.1577751109999999e-02
1490, 7.7581022159999999e-02
1491, 3.8377701119999996e-02
1492, 1.3194989109999999e-02
1493, 3.1427477270000004e-02
1494, 1.3636171030000000e-02
1495, 0.0000000000000000e+00
1496, 0.0000000000000000e+00
1497, 0.0000000000000000e+00
1498, 0.0000000000000000e+00
1499, 0.0000000000000000e+00
1500, 0.0000000000000000e+00
1501, 8.4519289659999997e-01
1502, 2.7231638530000002e-01
1503, 3.8837979220000002e-01
1504, 4.2531774160000001e-02
1505, 9.2751238999999999e-02
1506, 6.7001727610000006e-02
1507, 9.2033100139999990e-02
1508, 1.4959647619999999e-01
1509, 1.0131872960000000e-01
1510, 2.5993176829999998e-01
1511, 3.4015320920000003e-01
1512, 4.1838957620000000e-01
1513, 1.9415777590000002e-01
1514, 1.1327934780000000e-02
1515, 9.1437264419999997e-02
1516, 8.9039809610000006e-02
1517, 8.9277987099999997e-02
1518, 0.0000000000000000e+00
1519, 4.0452272260000000e-01
1520, 9.4265515649999998e-01
1521, 0.0000000000000000e+00
1522, 0.0000000000000000e+00
1523, 1.8045287450000000e-01
1524, 4.7441058810000003e-01
1525, 3.0376727800000003e-01
1526, 1.9332113240000001e-01
1527, 1.6833413879999998e-01
1528, 2.0314858720000001e-01
1529, 1.6186026649999999e-01
1530, 1.1201778409999999e-01
1531, 2.8900831069999999e-01
1532, 2.9280925089999998e-01
1533, 2.2028214110000000e-02
1534, 9.7087895610000002e-02
1535, 6.6295503030000008e-02
1536, 9.1992647529999999e-02
1537, 0.0000000000000000e+00
1538, 1.7205367769999999e-01
1539, 4.2093560529999997e-02
1540, 3.6191224189999999e-01
1541, 1.2719504179999999e-01
1542, 1.6214968020000001e-01
1543, 6.3089281159999996e-02
1544, 7.2732481789999998e-02
1545, 3.2541481700000000e-02
1546, 1.2155020309999999e-01
1547, 0.0000000000000000e+00
1548, 4.9359738909999999e-02
1549, 0.0000000000000000e+00
1550, 4.9326746530000000e-02
1551, 5.9196180610000003e-02
1552, 1.2011409199999999e-01
1553, 8.1913789139999998e-02
1554, 9.2983517330000001e-02
1555, 8.5379559839999994e-02
1556, 2.0661083659999999e-02
1557, 4.4685975869999998e-02
1558, 3.2385946209999995e-02
1559, 0.0000000000000000e+00
1560, 1.1176419259999999e-01
1561, 1.1437043330000000e-01
1562, 6.6251836209999998e-02
1563, 7.4729306160000009e-02
1564, 8.5874445510000008e-02
1565, 6.2988732960000002e-02
1566, 1.1683072200000000e-01
1567, 0.0000000000000000e+00
1568, 7.0586249079999996e-02
1569, 1.0980334559999999e-01
1570, 1.7583209050000001e-01
1571, 1.8767006980000001e-01
1572, 1.6312688300000000e-01
1573, 8.6292348950000000e-02
1574, 5.5808963189999998e-02
1575, 2.9911517889999999e-02
1576, 2.6535297930000000e-02
1577, 6.6956302019999997e-02
1578, 3.0916999870000000e-01
1579, 1.9595901190000001e-02
1580, 1.1690141999999999e-01
1581, 1.0068488090000001e-01
1582, 3.3580427380000005e-01
1583, 3.6462861430000000e-02
1584, 1.7458906339999999e-01
1585, 2.0903970399999999e-01
1586, 9.4251367269999997e-02
1587, 5.6063475809999996e-01
1588, 1.8935582320000002e-01
1589, 5.8248828060000001e-02
1590, 1.0277125599999999e-01
1591, 2.8344222850000000e-01
1592, 3.1156273160000003e-01
1593, 3.5179615050000002e-01
1594, 2.2892311020000000e-01
1595, 3.3460712180000002e-01
1596, 1.4925908700000001e-01
1597, 3.1576847419999998e-02
1598, 1.4519002710000001e-01
1599, 1.2201838060000000e-01
1600, 3.1466872829999999e-02
1601, 6.2413722950000000e-02
1602, 8.2997824399999989e-02
1603, 3.5195011489999997e-02
1604, 1.5419537510000000e-01
1605, 1.4260405309999999e-01
1606, 8.2567352429999991e-02
1607, 1.3256180179999999e-01
1608, 4.5981947879999999e-02
1609, 2.1878659499999998e-02
1610, 1.2256511140000001e-01
1611, 7.9010459909999997e-02
1612, 5.6542650820000005e-02
1613, 5.3083164380000006e-02
1614, 1.1364460100000001e-01
1615, 0.0000000000000000e+00
1616, 1.0335255030000001e-01
1617, 4.9287469890000005e-02
1618, 3.0401061930000001e-01
1619, 2.4255681740000001e-01
1620, 1.0803432570000000e-01
1621, 4.1657432720000005e-02
1622, 3.1938192509999998e-02
1623, 4.5449356639999994e-02
1624, 3.7779414400000003e-02
1625, 0.0000000000000000e+00
1626, 9.8087909449999997e-02
1627, 1.0484192050000000e-01
1628, 9.5148445719999988e-02
1629, 1.1575297100000000e-01
1630, 5.4413856939999998e-02
1631, 0.0000000000000000e+00
1632, 1.0488591030000000e-01
1633, 6.9436386170000003e-02
1634, 9.4245082999999993e-02
1635, 1.0914035589999999e-01
1636, 5.2374613789999996e-02
1637, 1.5293695160000001e-01
1638, 1.7581795089999999e-01
1639, 6.7306021219999998e-02
1640, 1.4623792790000001e-01
1641, 1.3814294550000000e-01
1642, 3.8170930759999999e-01
1643, 6.6568345620000002e-01
1644, 9.9784155679999997e-01
1645, 9.4837374729999993e-02
1646, 6.7604523680000000e-02
1647, 7.4884841660000007e-02
1648, 8.8689795050000006e-02
1649, 9.6677563870000011e-02
1650, 5.3026606010000005e-02
1651, 4.4835069990000004e-02
1652, 9.6750932630000008e-02
1653, 7.9225695900000004e-02
1654, 4.8913783319999998e-01
1655, 7.4535913590000002e-02
1656, 9.6165173139999993e-01
1657, 1.9943064289999998e-01
1658, 5.0193816879999997e-01
1659, 1.5431674960000000e-01
1660, 7.4183116120000003e-02
1661, 4.3967149020000001e-01
1662, 5.3796769529999999e-01
1663, 1.7103091400000001e-01
1664, 4.9993443300000001e-01
1665, 3.6080989309999999e-02
1666, 2.2727034920000000e-01
1667, 5.5814177860000003e-01
1668, 9.2843692489999990e-02
1669, 3.1542024499999999e-01
1670, 1.7781690380000001e-01
1671, 1.2191592870000000e-01
1672, 1.6759186620000002e-01
1673, 0.0000000000000000e+00
1674, 0.0000000000000000e+00
1675, 0.0000000000000000e+00
1676, 0.0000000000000000e+00
1677, 0.0000000000000000e+00
1678, 0.0000000000000000e+00
1679, 0.0000000000000000e+00
1680, 0.0000000000000000e+00
1681, 0.0000000000000000e+00
1682, 0.0000000000000000e+00
1683, 0.0000000000000000e+00
1684, 0.0000000000000000e+00
1685, 0.0000000000000000e+00
1686, 0.0000000000000000e+00
1687, 0.0000000000000000e+00
1688, 0.0000000000000000e+00
1689, 1.4015401980000000e-01
1690, 0.0000000000000000e+00
1691, 0.0000000000000000e+00
1692, 0.0000000000000000e+00
1693, 0.0000000000000000e+00
1694, 0.0000000000000000e+00
1695, 0.0000000000000000e+00
1696, 0.0000000000000000e+00
1697, 0.0000000000000000e+00
1698, 0.0000000000000000e+00
1699, 0.0000000000000000e+00
1700, 0.0000000000000000e+00
1701, 0.0000000000000000e+00
1702, 0.0000000000000000e+00
1703, 0.0000000000000000e+00
1704, 0.0000000000000000e+00
1705, 5.5729456429999998e-02
1706, 3.8381449939999999e-02
1707, 0.0000000000000000e+00
1708, 1.5389729830000001e-02
1709, 0.0000000000000000e+00
1710, 0.0000000000000000e+00
1711, 0.0000000000000000e+00
1712, 1.2116001280000001e-01
1713, 0.0000000000000000e+00
1714, 0.0000000000000000e+00
1715, 1.0543703570000000e-01
1716, 0.0000000000000000e+00
1717, 9.5553086019999997e-02
1718, 0.0000000000000000e+00
1719, 0.0000000000000000e+00
1720, 0.0000000000000000e+00
1721, 1.8273757960000001e-01
1722, 0.0000000000000000e+00
1723, 0.0000000000000000e+00
1724, 1.0903578190000001e+00
1725, 0.0000000000000000e+00
1726, 7.1258081109999996e-02
1727, 0.0000000000000000e+00
1728, 3.3984588339999997e-02
1729, 3.5988783540000002e-01
1730, 0.0000000000000000e+00
1731, 7.8445542750000000e-02
1732, 0.0000000000000000e+00
1733, 0.0000000000000000e+00
1734, 0.0000000000000000e+00
1735, 2.3317560109999999e-01
1736, 1.9062196130000000e-01
1737, 2.1465465600000003e-01
1738, 0.0000000000000000e+00
1739, 0.0000000000000000e+00
1740, 2.5799254049999998e-01
1741, 3.6795309230000001e-01
1742, 1.8616357230000000e-01
1743, 1.0064561899999999e-01
1744, 0.0000000000000000e+00
1745, 2.8566173750000001e-01
1746, 5.7454611659999999e-01
1747, 4.3700655370000002e-01
1748, 3.6163128190000005e-01
1749, 8.0898728480000004e-01
1750, 5.3673044510000001e-01
1751, 0.0000000000000000e+00
1752, 0.0000000000000000e+00
1753, 4.0695673599999999e-01
1754, 5.6707241019999999e-01
1755, 6.8882883160000008e-01
1756, 0.0000000000000000e+00
1757, 2.8430158429999997e-01
1758, 0.0000000000000000e+00
1759, 0.0000000000000000e+00
1760, 3.5826416879999995e-01
1761, 0.0000000000000000e+00
1762, 3.0288916100000002e-01
1763, 1.0236050630000000e+00
1764, 0.0000000000000000e+00
1765, 1.4603643750000000e-01
1766, 4.4141549120000001e-01
1767, 1.5321049119999999e-01
1768, 9.3841986670000002e-02
1769, 1.2455264789999999e-01
1770, 0.0000000000000000e+00
1771, 0.0000000000000000e+00
1772, 1.8430221430000001e-02
1773, 0.0000000000000000e+00
1774, 2.6420169710000000e-02
1775, 0.0000000000000000e+00
1776, 6.2950878310000002e-01
1777, 2.2684952229999999e-01
1778, 1.4807772229999999e-01
1779, 3.1928014280000000e-01
1780, 2.5943941989999997e-01
1781, 1.3384508840000001e-01
1782, 1.9917377200000000e-01
1783, 5.4625592349999995e-02
1784, 9.5125918900000006e-01
1785, 5.4605825109999995e-01
1786, 5.7265117560000001e-01
1787, 4.7496326540000001e-02
1788, 1.9910610640000001e-01
1789, 0.0000000000000000e+00
1790, 0.0000000000000000e+00
1791, 0.0000000000000000e+00
1792, 0.0000000000000000e+00
1793, 1.3942421640000000e-01
1794, 0.0000000000000000e+00
1795, 9.6464998689999998e-02
1796, 0.0000000000000000e+00
1797, 0.0000000000000000e+00
1798, 4.3985832070000003e-01
1799, 2.6230511200000001e-02
1800, 0.0000000000000000e+00
1801, 1.0032510690000000e-01
1802, 0.0000000000000000e+00
1803, 0.0000000000000000e+00
1804, 0.0000000000000000e+00
1805, 0.0000000000000000e+00
1806, 0.0000000000000000e+00
1807, 0.0000000000000000e+00
1808, 0.0000000000000000e+00
1809, 0.0000000000000000e+00
1810, 0.0000000000000000e+00
1811, 0.0000000000000000e+00
1812, 8.4839026560000003e-02
1813, 0.0000000000000000e+00
END